Bermuda Triangle,25.0000,-71.0000,
Tashkent,41.29949,69.24007,