Bermuda Triangle,25.0000,-71.0000,
Tashkent,41.29949,69.24007,
Mount Everest,27.9881,86.9250,
Mariana Trench,11.3733,142.5917
